{"cameraMode":{"drawMode":0,"name":"Shaded","section":"Shading Mode"},"sceneLighting":true,"audioPlay":false,"sceneViewState":{"m_AlwaysRefresh":false,"showFog":true,"showSkybox":false,"showFlares":true,"showImageEffects":true,"showParticleSystems":true,"showVisualEffectGraphs":true,"m_FxEnabled":true},"in2DMode":false,"pivot":{"x":-2.7848198413848879,"y":3.4211177825927736,"z":-11.429186820983887},"rotation":{"x":-0.002261055400595069,"y":0.9971411228179932,"z":-0.028409471735358239,"w":-0.07225575298070908},"size":5.763262748718262,"orthographic":false}