{"cameraMode":{"drawMode":0,"name":"Shaded","section":"Shading Mode"},"sceneLighting":false,"audioPlay":false,"sceneViewState":{"m_AlwaysRefresh":false,"showFog":true,"showSkybox":false,"showFlares":true,"showImageEffects":true,"showParticleSystems":true,"showVisualEffectGraphs":true,"m_FxEnabled":true},"in2DMode":false,"pivot":{"x":4.833563804626465,"y":-9.16114616394043,"z":17.14740562438965},"rotation":{"x":-0.0014828179264441133,"y":-0.15092089772224427,"z":-0.00022638159862253815,"w":0.9885445833206177},"size":2.123692512512207,"orthographic":true}