{"cameraMode":{"drawMode":0,"name":"Shaded","section":"Shading Mode"},"sceneLighting":true,"audioPlay":false,"sceneViewState":{"m_AlwaysRefresh":false,"showFog":true,"showSkybox":true,"showFlares":true,"showImageEffects":true,"showParticleSystems":true,"showVisualEffectGraphs":true,"m_FxEnabled":true},"in2DMode":false,"pivot":{"x":-12.283008575439454,"y":-9.161553382873536,"z":10.848918914794922},"rotation":{"x":0.19236110150814057,"y":0.5132683515548706,"z":-0.11926142871379852,"w":0.8278502225875855},"size":2.6789586544036867,"orthographic":false}