{"cameraMode":{"drawMode":0,"name":"Shaded","section":"Shading Mode"},"sceneLighting":true,"audioPlay":false,"sceneViewState":{"m_AlwaysRefresh":false,"showFog":true,"showSkybox":true,"showFlares":true,"showImageEffects":true,"showParticleSystems":true,"showVisualEffectGraphs":true,"m_FxEnabled":true},"in2DMode":false,"pivot":{"x":6.125923156738281,"y":-3.0985145568847658,"z":-23.26303482055664},"rotation":{"x":0.030977221205830575,"y":0.9688060283660889,"z":-0.16011835634708405,"w":0.18687576055526734},"size":12.12435531616211,"orthographic":false}