{"cameraMode":{"drawMode":0,"name":"Shaded","section":"Shading Mode"},"sceneLighting":false,"audioPlay":false,"sceneViewState":{"m_AlwaysRefresh":false,"showFog":true,"showSkybox":false,"showFlares":true,"showImageEffects":true,"showParticleSystems":true,"showVisualEffectGraphs":true,"m_FxEnabled":true},"in2DMode":false,"pivot":{"x":8.810999870300293,"y":2.2939999103546144,"z":15.557999610900879},"rotation":{"x":0.02960965596139431,"y":0.4409264326095581,"z":-0.014555861242115498,"w":0.8969367146492004},"size":0.34640997648239138,"orthographic":false}